Close;Data;Day;Week
0.988;22.08.1993;1;1
0.993;29.08.1993;8;2
1.000;05.09.1993;15;3
1.020;12.09.1993;22;4
1.300;19.09.1993;29;5
1.169;26.09.1993;36;6
1.194;03.10.1993;43;7
1.196;10.10.1993;50;8
1.194;17.10.1993;57;9
1.187;24.10.1993;64;10
1.179;31.10.1993;71;11
1.183;07.11.1993;78;12
1.206;14.11.1993;85;13
1.222;21.11.1993;92;14
1.232;28.11.1993;99;15
1.232;05.12.1993;106;16
1.250;12.12.1993;113;17
1.253;19.12.1993;120;18
1.250;26.12.1993;127;19
1.262;02.01.1994;134;20
1.359;09.01.1994;141;21
1.547;16.01.1994;148;22
1.545;23.01.1994;155;23
1.563;30.01.1994;162;24
1.570;06.02.1994;169;25
1.570;13.02.1994;176;26
1.660;20.02.1994;183;27
1.694;27.02.1994;190;28
1.709;06.03.1994;197;29
1.725;13.03.1994;204;30
1.745;20.03.1994;211;31
1.764;27.03.1994;218;32
1.775;03.04.1994;225;33
1.796;10.04.1994;232;34
1.813;17.04.1994;239;35
1.835;24.04.1994;246;36
1.857;01.05.1994;253;37
1.876;08.05.1994;260;38
1.889;15.05.1994;267;39
1.904;22.05.1994;274;40
1.921;29.05.1994;281;41
1.955;05.06.1994;288;42
1.962;12.06.1994;295;43
1.982;19.06.1994;302;44
1.991;26.06.1994;309;45
2.015;03.07.1994;316;46
2.027;10.07.1994;323;47
2.049;17.07.1994;330;48
2.063;24.07.1994;337;49
2.088;31.07.1994;344;50
2.115;07.08.1994;351;51
2.154;14.08.1994;358;52
2.156;21.08.1994;365;53
2.205;28.08.1994;372;54
2.207;04.09.1994;379;55
2.310;11.09.1994;386;56
2.418;18.09.1994;393;57
2.636;25.09.1994;400;58
2.836;02.10.1994;407;59
2.997;09.10.1994;414;60
3.025;16.10.1994;421;61
3.068;23.10.1994;428;62
3.105;30.10.1994;435;63
3.111;06.11.1994;442;64
3.170;13.11.1994;449;65
3.219;20.11.1994;456;66
3.264;27.11.1994;463;67
3.326;04.12.1994;470;68
3.398;11.12.1994;477;69
3.479;18.12.1994;484;70
3.553;25.12.1994;491;71
3.670;01.01.1995;498;72
3.779;08.01.1995;505;73
3.950;15.01.1995;512;74
4.022;22.01.1995;519;75
4.118;29.01.1995;526;76
4.194;05.02.1995;533;77
4.317;12.02.1995;540;78
4.432;19.02.1995;547;79
4.561;26.02.1995;554;80
4.675;05.03.1995;561;81
4.791;12.03.1995;568;82
4.870;19.03.1995;575;83
4.902;26.03.1995;582;84
4.975;02.04.1995;589;85
5.049;09.04.1995;596;86
5.056;16.04.1995;603;87
5.119;23.04.1995;610;88
5.133;30.04.1995;617;89
5.091;07.05.1995;624;90
5.044;14.05.1995;631;91
5.022;21.05.1995;638;92
4.946;28.05.1995;645;93
4.884;04.06.1995;652;94
4.668;11.06.1995;659;95
4.570;18.06.1995;666;96
4.542;25.06.1995;673;97
4.584;02.07.1995;680;98
4.553;09.07.1995;687;99
4.498;16.07.1995;694;100
4.423;23.07.1995;701;101
4.419;30.07.1995;708;102
4.408;06.08.1995;715;103
4.411;13.08.1995;722;104
4.425;20.08.1995;729;105
4.450;27.08.1995;736;106
4.477;03.09.1995;743;107
4.468;10.09.1995;750;108
4.477;17.09.1995;757;109
4.502;24.09.1995;764;110
4.496;01.10.1995;771;111
4.512;08.10.1995;778;112
4.509;15.10.1995;785;113
4.507;22.10.1995;792;114
4.522;29.10.1995;799;115
4.525;05.11.1995;806;116
4.547;12.11.1995;813;117
4.572;19.11.1995;820;118
4.581;26.11.1995;827;119
4.607;03.12.1995;834;120
4.622;10.12.1995;841;121
4.647;17.12.1995;848;122
4.648;24.12.1995;855;123
4.668;31.12.1995;862;124
4.675;07.01.1996;869;125
4.688;14.01.1996;876;126
4.727;21.01.1996;883;127
4.741;28.01.1996;890;128
4.746;04.02.1996;897;129
4.763;11.02.1996;904;130
4.791;18.02.1996;911;131
4.823;25.02.1996;918;132
4.828;03.03.1996;925;133
4.838;10.03.1996;932;134
4.850;17.03.1996;939;135
4.859;24.03.1996;946;136
4.876;31.03.1996;953;137
4.907;07.04.1996;960;138
4.921;14.04.1996;967;139
4.937;21.04.1996;974;140
4.943;28.04.1996;981;141
4.961;05.05.1996;988;142
4.998;12.05.1996;995;143
5.008;19.05.1996;1002;144
5.034;26.05.1996;1009;145
5.054;02.06.1996;1016;146
5.049;09.06.1996;1023;147
5.053;16.06.1996;1030;148
5.109;23.06.1996;1037;149
5.138;30.06.1996;1044;150
5.130;07.07.1996;1051;151
5.153;14.07.1996;1058;152
5.184;21.07.1996;1065;153
5.215;28.07.1996;1072;154
5.265;04.08.1996;1079;155
5.294;11.08.1996;1086;156
5.330;18.08.1996;1093;157
5.356;25.08.1996;1100;158
5.360;01.09.1996;1107;159
5.371;08.09.1996;1114;160
5.386;15.09.1996;1121;161
5.398;22.09.1996;1128;162
5.421;29.09.1996;1135;163
5.430;06.10.1996;1142;164
5.438;13.10.1996;1149;165
5.446;20.10.1996;1156;166
5.460;27.10.1996;1163;167
5.465;03.11.1996;1170;168
5.485;10.11.1996;1177;169
5.496;17.11.1996;1184;170
5.515;24.11.1996;1191;171
5.523;01.12.1996;1198;172
5.543;08.12.1996;1205;173
5.550;15.12.1996;1212;174
5.554;22.12.1996;1219;175
5.554;29.12.1996;1226;176
5.589;05.01.1997;1233;177
5.606;12.01.1997;1240;178
5.619;19.01.1997;1247;179
5.631;26.01.1997;1254;180
5.638;02.02.1997;1261;181
5.653;09.02.1997;1268;182
5.668;16.02.1997;1275;183
5.679;23.02.1997;1282;184
5.694;02.03.1997;1289;185
5.697;09.03.1997;1296;186
5.713;16.03.1997;1303;187
5.722;23.03.1997;1310;188
5.736;30.03.1997;1317;189
5.745;06.04.1997;1324;190
5.753;13.04.1997;1331;191
5.759;20.04.1997;1338;192
5.763;27.04.1997;1345;193
5.769;04.05.1997;1352;194
5.772;11.05.1997;1359;195
5.772;18.05.1997;1366;196
5.774;25.05.1997;1373;197
5.765;01.06.1997;1380;198
5.782;08.06.1997;1387;199
5.783;15.06.1997;1394;200
5.783;22.06.1997;1401;201
5.783;29.06.1997;1408;202
5.785;06.07.1997;1415;203
5.782;13.07.1997;1422;204
5.795;20.07.1997;1429;205
5.801;27.07.1997;1436;206
5.805;03.08.1997;1443;207
5.809;10.08.1997;1450;208
5.817;17.08.1997;1457;209
5.824;24.08.1997;1464;210
5.836;31.08.1997;1471;211
5.840;07.09.1997;1478;212
5.849;14.09.1997;1485;213
5.855;21.09.1997;1492;214
5.860;28.09.1997;1499;215
5.867;05.10.1997;1506;216
5.873;12.10.1997;1513;217
5.874;19.10.1997;1520;218
5.882;26.10.1997;1527;219
5.885;02.11.1997;1534;220
5.895;09.11.1997;1541;221
5.900;16.11.1997;1548;222
5.910;23.11.1997;1555;223
5.923;30.11.1997;1562;224
5.928;07.12.1997;1569;225
5.936;14.12.1997;1576;226
5.948;21.12.1997;1583;227
5.951;28.12.1997;1590;228
5.965;04.01.1998;1597;229
5.988;11.01.1998;1604;230
6.007;18.01.1998;1611;231
6.013;25.01.1998;1618;232
6.028;01.02.1998;1625;233
6.039;08.02.1998;1632;234
6.051;15.02.1998;1639;235
6.062;22.02.1998;1646;236
6.069;01.03.1998;1653;237
6.078;08.03.1998;1660;238
6.087;15.03.1998;1667;239
6.093;22.03.1998;1674;240
6.103;29.03.1998;1681;241
6.110;05.04.1998;1688;242
6.118;12.04.1998;1695;243
6.120;19.04.1998;1702;244
6.123;26.04.1998;1709;245
6.128;03.05.1998;1716;246
6.134;10.05.1998;1723;247
6.146;17.05.1998;1730;248
6.148;24.05.1998;1737;249
6.156;31.05.1998;1744;250
6.159;07.06.1998;1751;251
6.172;14.06.1998;1758;252
6.179;21.06.1998;1765;253
6.187;28.06.1998;1772;254
6.196;05.07.1998;1779;255
6.201;12.07.1998;1786;256
6.208;19.07.1998;1793;257
6.222;26.07.1998;1800;258
6.234;02.08.1998;1807;259
6.256;09.08.1998;1814;260
6.988;16.08.1998;1821;261
11.982;23.08.1998;1828;262
16.972;30.08.1998;1835;263
12.857;06.09.1998;1842;264
14.581;13.09.1998;1849;265
15.590;20.09.1998;1856;266
15.885;27.09.1998;1863;267
15.819;04.10.1998;1870;268
13.539;11.10.1998;1877;269
16.739;18.10.1998;1884;270
16.629;25.10.1998;1891;271
15.629;01.11.1998;1898;272
18.089;08.11.1998;1905;273
17.729;15.11.1998;1912;274
18.229;22.11.1998;1919;275
20.589;29.11.1998;1926;276
21.279;06.12.1998;1933;277
21.859;13.12.1998;1940;278
20.240;20.12.1998;1947;279
20.600;27.12.1998;1954;280
23.280;03.01.1999;1961;281
22.680;10.01.1999;1968;282
23.280;17.01.1999;1975;283
22.930;24.01.1999;1982;284
23.230;31.01.1999;1989;285
22.870;07.02.1999;1996;286
23.080;14.02.1999;2003;287
23.055;21.02.1999;2010;288
23.380;28.02.1999;2017;289
23.400;07.03.1999;2024;290
23.930;14.03.1999;2031;291
26.870;21.03.1999;2038;292
26.180;28.03.1999;2045;293
25.555;04.04.1999;2052;294
25.530;11.04.1999;2059;295
24.880;18.04.1999;2066;296
24.570;25.04.1999;2073;297
24.545;02.05.1999;2080;298
25.430;09.05.1999;2087;299
24.804;16.05.1999;2094;300
24.689;23.05.1999;2101;301
24.549;30.05.1999;2108;302
24.414;06.06.1999;2115;303
24.334;13.06.1999;2122;304
24.364;20.06.1999;2129;305
24.474;27.06.1999;2136;306
24.404;04.07.1999;2143;307
24.314;11.07.1999;2150;308
24.239;18.07.1999;2157;309
24.224;25.07.1999;2164;310
24.704;01.08.1999;2171;311
24.964;08.08.1999;2178;312
24.904;15.08.1999;2185;313
24.789;22.08.1999;2192;314
25.874;29.08.1999;2199;315
25.744;05.09.1999;2206;316
25.554;12.09.1999;2213;317
25.359;19.09.1999;2220;318
25.489;26.09.1999;2227;319
25.774;03.10.1999;2234;320
25.934;10.10.1999;2241;321
25.754;17.10.1999;2248;322
26.084;24.10.1999;2255;323
26.254;31.10.1999;2262;324
26.333;07.11.1999;2269;325
26.423;14.11.1999;2276;326
26.468;21.11.1999;2283;327
26.783;28.11.1999;2290;328
26.923;05.12.1999;2297;329
26.763;12.12.1999;2304;330
26.738;19.12.1999;2311;331
27.528;26.12.1999;2318;332
27.433;02.01.2000;2325;333
28.633;09.01.2000;2332;334
28.508;16.01.2000;2339;335
28.613;23.01.2000;2346;336
28.767;30.01.2000;2353;337
28.852;06.02.2000;2360;338
28.812;13.02.2000;2367;339
28.686;20.02.2000;2374;340
28.596;27.02.2000;2381;341
28.481;05.03.2000;2388;342
28.413;12.03.2000;2395;343
28.326;19.03.2000;2402;344
28.637;26.03.2000;2409;345
28.622;02.04.2000;2416;346
28.464;09.04.2000;2423;347
28.591;16.04.2000;2430;348
28.406;23.04.2000;2437;349
28.376;30.04.2000;2444;350
28.256;07.05.2000;2451;351
28.316;14.05.2000;2458;352
28.261;21.05.2000;2465;353
28.376;28.05.2000;2472;354
28.366;04.06.2000;2479;355
28.262;11.06.2000;2486;356
28.138;18.06.2000;2493;357
28.048;25.06.2000;2500;358
27.975;02.07.2000;2507;359
27.833;09.07.2000;2514;360
27.619;16.07.2000;2521;361
27.799;23.07.2000;2528;362
27.724;30.07.2000;2535;363
27.685;06.08.2000;2542;364
27.719;13.08.2000;2549;365
27.700;20.08.2000;2556;366
27.746;27.08.2000;2563;367
27.860;03.09.2000;2570;368
27.721;10.09.2000;2577;369
27.818;17.09.2000;2584;370
27.761;24.09.2000;2591;371
27.930;01.10.2000;2598;372
27.843;08.10.2000;2605;373
27.937;15.10.2000;2612;374
27.810;22.10.2000;2619;375
27.834;29.10.2000;2626;376
27.805;05.11.2000;2633;377
27.798;12.11.2000;2640;378
27.885;19.11.2000;2647;379
27.863;26.11.2000;2654;380
27.970;03.12.2000;2661;381
27.949;10.12.2000;2668;382
27.955;17.12.2000;2675;383
28.140;24.12.2000;2682;384
28.420;31.12.2000;2689;385
28.300;07.01.2001;2696;386
28.344;14.01.2001;2703;387
28.362;21.01.2001;2710;388
28.439;28.01.2001;2717;389
28.668;04.02.2001;2724;390
28.662;11.02.2001;2731;391
28.748;18.02.2001;2738;392
28.646;25.02.2001;2745;393
28.651;04.03.2001;2752;394
28.657;11.03.2001;2759;395
28.753;18.03.2001;2766;396
28.741;25.03.2001;2773;397
28.833;01.04.2001;2780;398
28.841;08.04.2001;2787;399
28.871;15.04.2001;2794;400
28.841;22.04.2001;2801;401
28.953;29.04.2001;2808;402
28.961;06.05.2001;2815;403
29.075;13.05.2001;2822;404
29.078;20.05.2001;2829;405
29.150;27.05.2001;2836;406
29.146;03.06.2001;2843;407
29.061;10.06.2001;2850;408
29.061;17.06.2001;2857;409
29.127;24.06.2001;2864;410
29.187;01.07.2001;2871;411
29.189;08.07.2001;2878;412
29.262;15.07.2001;2885;413
29.265;22.07.2001;2892;414
29.345;29.07.2001;2899;415
29.320;05.08.2001;2906;416
29.344;12.08.2001;2913;417
29.353;19.08.2001;2920;418
29.403;26.08.2001;2927;419
29.430;02.09.2001;2934;420
29.450;09.09.2001;2941;421
29.408;16.09.2001;2948;422
29.447;23.09.2001;2955;423
29.498;30.09.2001;2962;424
29.488;07.10.2001;2969;425
29.539;14.10.2001;2976;426
29.691;21.10.2001;2983;427
29.741;28.10.2001;2990;428
29.711;04.11.2001;2997;429
29.820;11.11.2001;3004;430
29.935;18.11.2001;3011;431
29.895;25.11.2001;3018;432
30.059;02.12.2001;3025;433
30.315;09.12.2001;3032;434
30.241;16.12.2001;3039;435
30.485;23.12.2001;3046;436
30.595;30.12.2001;3053;437
30.445;06.01.2002;3060;438
30.580;13.01.2002;3067;439
30.597;20.01.2002;3074;440
30.720;27.01.2002;3081;441
30.805;03.02.2002;3088;442
30.857;10.02.2002;3095;443
30.935;17.02.2002;3102;444
31.007;24.02.2002;3109;445
31.007;03.03.2002;3116;446
31.081;10.03.2002;3123;447
31.161;17.03.2002;3130;448
31.189;24.03.2002;3137;449
31.188;31.03.2002;3144;450
31.198;07.04.2002;3151;451
31.167;14.04.2002;3158;452
31.179;21.04.2002;3165;453
31.224;28.04.2002;3172;454
31.204;05.05.2002;3179;455
31.243;12.05.2002;3186;456
31.269;19.05.2002;3193;457
31.314;26.05.2002;3200;458
31.394;02.06.2002;3207;459
31.394;09.06.2002;3214;460
31.398;16.06.2002;3221;461
31.454;23.06.2002;3228;462
31.524;30.06.2002;3235;463
31.578;07.07.2002;3242;464
31.552;14.07.2002;3249;465
31.519;21.07.2002;3256;466
31.534;28.07.2002;3263;467
31.524;04.08.2002;3270;468
31.554;11.08.2002;3277;469
31.577;18.08.2002;3284;470
31.612;25.08.2002;3291;471
31.614;01.09.2002;3298;472
31.639;08.09.2002;3305;473
31.645;15.09.2002;3312;474
31.650;22.09.2002;3319;475
31.695;29.09.2002;3326;476
31.670;06.10.2002;3333;477
31.684;13.10.2002;3340;478
31.714;20.10.2002;3347;479
31.769;27.10.2002;3354;480
31.804;03.11.2002;3361;481
31.818;10.11.2002;3368;482
31.819;17.11.2002;3375;483
31.843;24.11.2002;3382;484
31.843;01.12.2002;3389;485
31.843;08.12.2002;3396;486
31.799;15.12.2002;3403;487
31.787;22.12.2002;3410;488
31.879;29.12.2002;3417;489
31.807;05.01.2003;3424;490
31.799;12.01.2003;3431;491
31.771;19.01.2003;3438;492
31.824;26.01.2003;3445;493
31.801;02.02.2003;3452;494
31.606;09.02.2003;3459;495
31.522;16.02.2003;3466;496
31.561;23.02.2003;3473;497
31.537;02.03.2003;3480;498
31.379;09.03.2003;3487;499
31.368;16.03.2003;3494;500
31.357;23.03.2003;3501;501
31.261;30.03.2003;3508;502
31.261;06.04.2003;3515;503
31.166;13.04.2003;3522;504
31.076;20.04.2003;3529;505
31.086;27.04.2003;3536;506
31.076;04.05.2003;3543;507
30.871;11.05.2003;3550;508
30.691;18.05.2003;3557;509
30.701;25.05.2003;3564;510
30.586;01.06.2003;3571;511
30.521;08.06.2003;3578;512
30.301;15.06.2003;3585;513
30.317;22.06.2003;3592;514
30.281;29.06.2003;3599;515
30.398;06.07.2003;3606;516
30.398;13.07.2003;3613;517
30.260;20.07.2003;3620;518
30.380;27.07.2003;3627;519
30.389;03.08.2003;3634;520
30.301;10.08.2003;3641;521
30.252;17.08.2003;3648;522
30.485;24.08.2003;3655;523
30.650;31.08.2003;3662;524
30.697;07.09.2003;3669;525
30.501;14.09.2003;3676;526
30.496;21.09.2003;3683;527
30.427;28.09.2003;3690;528
30.086;05.10.2003;3697;529
30.026;12.10.2003;3704;530
29.883;19.10.2003;3711;531
29.918;26.10.2003;3718;532
29.758;02.11.2003;3725;533
29.786;09.11.2003;3732;534
29.775;16.11.2003;3739;535
29.716;23.11.2003;3746;536
29.613;30.11.2003;3753;537
29.380;07.12.2003;3760;538
29.262;14.12.2003;3767;539
29.291;21.12.2003;3774;540
29.220;28.12.2003;3781;541
28.927;04.01.2004;3788;542
28.762;11.01.2004;3795;543
28.493;18.01.2004;3802;544
28.510;25.01.2004;3809;545
28.509;01.02.2004;3816;546
28.416;08.02.2004;3823;547
28.486;15.02.2004;3830;548
28.487;22.02.2004;3837;549
28.526;29.02.2004;3844;550
28.484;07.03.2004;3851;551
28.487;14.03.2004;3858;552
28.468;21.03.2004;3865;553
28.493;28.03.2004;3872;554
28.510;04.04.2004;3879;555
28.614;11.04.2004;3886;556
28.897;18.04.2004;3893;557
28.985;25.04.2004;3900;558
28.933;02.05.2004;3907;559
29.061;09.05.2004;3914;560
28.952;16.05.2004;3921;561
29.002;23.05.2004;3928;562
29.020;30.05.2004;3935;563
28.999;06.06.2004;3942;564
28.997;13.06.2004;3949;565
28.994;20.06.2004;3956;566
28.992;27.06.2004;3963;567
29.092;04.07.2004;3970;568
29.065;11.07.2004;3977;569
29.056;18.07.2004;3984;570
29.081;25.07.2004;3991;571
29.179;01.08.2004;3998;572
29.224;08.08.2004;4005;573
29.194;15.08.2004;4012;574
29.202;22.08.2004;4019;575
29.195;29.08.2004;4026;576
29.192;05.09.2004;4033;577
29.196;12.09.2004;4040;578
29.191;19.09.2004;4047;579
29.191;26.09.2004;4054;580
29.196;03.10.2004;4061;581
29.088;10.10.2004;4068;582
28.913;17.10.2004;4075;583
28.720;24.10.2004;4082;584
28.638;31.10.2004;4089;585
28.648;07.11.2004;4096;586
28.502;14.11.2004;4103;587
28.289;21.11.2004;4110;588
27.901;28.11.2004;4117;589
28.080;05.12.2004;4124;590
27.909;12.12.2004;4131;591
27.803;19.12.2004;4138;592
27.698;26.12.2004;4145;593
27.738;02.01.2005;4152;594
27.923;09.01.2005;4159;595
28.053;16.01.2005;4166;596
28.055;23.01.2005;4173;597
27.936;30.01.2005;4180;598
28.054;06.02.2005;4187;599
27.921;13.02.2005;4194;600
27.719;20.02.2005;4201;601
27.673;27.02.2005;4208;602
27.428;06.03.2005;4215;603
27.494;13.03.2005;4222;604
27.682;20.03.2005;4229;605
27.787;27.03.2005;4236;606
27.829;03.04.2005;4243;607
27.897;10.04.2005;4250;608
27.687;17.04.2005;4257;609
27.759;24.04.2005;4264;610
27.797;01.05.2005;4271;611
27.943;08.05.2005;4278;612
28.007;15.05.2005;4285;613
28.058;22.05.2005;4292;614
28.348;29.05.2005;4299;615
28.462;05.06.2005;4306;616
28.496;12.06.2005;4313;617
28.619;19.06.2005;4320;618
28.605;26.06.2005;4327;619
28.750;03.07.2005;4334;620
28.669;10.07.2005;4341;621
28.615;17.07.2005;4348;622
28.606;24.07.2005;4355;623
28.401;31.07.2005;4362;624
28.286;07.08.2005;4369;625
28.590;14.08.2005;4376;626
28.410;21.08.2005;4383;627
28.255;28.08.2005;4390;628
28.245;04.09.2005;4397;629
28.350;11.09.2005;4404;630
28.480;18.09.2005;4411;631
28.473;25.09.2005;4418;632
28.467;02.10.2005;4425;633
28.516;09.10.2005;4432;634
28.610;16.10.2005;4439;635
28.441;23.10.2005;4446;636
28.550;30.10.2005;4453;637
28.820;06.11.2005;4460;638
28.736;13.11.2005;4467;639
28.836;20.11.2005;4474;640
28.933;27.11.2005;4481;641
28.837;04.12.2005;4488;642
28.610;11.12.2005;4495;643
28.745;18.12.2005;4502;644
28.715;25.12.2005;4509;645
28.644;01.01.2006;4516;646
28.388;08.01.2006;4523;647
28.211;15.01.2006;4530;648
28.074;22.01.2006;4537;649
28.207;29.01.2006;4544;650
28.272;05.02.2006;4551;651
28.172;12.02.2006;4558;652
28.169;19.02.2006;4565;653
27.841;26.02.2006;4572;654
28.021;05.03.2006;4579;655
27.643;12.03.2006;4586;656
27.778;19.03.2006;4593;657
27.682;26.03.2006;4600;658
27.674;02.04.2006;4607;659
27.686;09.04.2006;4614;660
27.444;16.04.2006;4621;661
27.150;23.04.2006;4628;662
27.063;30.04.2006;4635;663
26.875;07.05.2006;4642;664
27.034;14.05.2006;4649;665
27.031;21.05.2006;4656;666
26.737;28.05.2006;4663;667
26.996;04.06.2006;4670;668
26.892;11.06.2006;4677;669
27.086;18.06.2006;4684;670
26.818;25.06.2006;4691;671
26.813;02.07.2006;4698;672
26.949;09.07.2006;4705;673
26.843;16.07.2006;4712;674
26.766;23.07.2006;4719;675
26.669;30.07.2006;4726;676
26.794;06.08.2006;4733;677
26.707;13.08.2006;4740;678
26.776;20.08.2006;4747;679
26.701;27.08.2006;4754;680
26.772;03.09.2006;4761;681
26.749;10.09.2006;4768;682
26.642;17.09.2006;4775;683
26.762;24.09.2006;4782;684
26.856;01.10.2006;4789;685
26.947;08.10.2006;4796;686
26.838;15.10.2006;4803;687
26.698;22.10.2006;4810;688
26.710;29.10.2006;4817;689
26.595;05.11.2006;4824;690
26.614;12.11.2006;4831;691
26.393;19.11.2006;4838;692
26.143;26.11.2006;4845;693
26.263;03.12.2006;4852;694
26.350;10.12.2006;4859;695
26.275;17.12.2006;4866;696
26.289;24.12.2006;4873;697
26.347;31.12.2006;4880;698
26.557;07.01.2007;4887;699
26.502;14.01.2007;4894;700
26.542;21.01.2007;4901;701
26.474;28.01.2007;4908;702
26.323;04.02.2007;4915;703
26.181;11.02.2007;4922;704
26.141;18.02.2007;4929;705
26.125;25.02.2007;4936;706
26.195;04.03.2007;4943;707
25.985;11.03.2007;4950;708
26.006;18.03.2007;4957;709
25.937;25.03.2007;4964;710
25.914;01.04.2007;4971;711
25.757;08.04.2007;4978;712
25.695;15.04.2007;4985;713
25.634;22.04.2007;4992;714
25.688;29.04.2007;4999;715
25.761;06.05.2007;5006;716
25.774;13.05.2007;5013;717
25.843;20.05.2007;5020;718
25.835;27.05.2007;5027;719
25.910;03.06.2007;5034;720
25.908;10.06.2007;5041;721
25.816;17.06.2007;5048;722
25.678;24.06.2007;5055;723
25.642;01.07.2007;5062;724
25.394;08.07.2007;5069;725
25.326;15.07.2007;5076;726
25.530;22.07.2007;5083;727
25.422;29.07.2007;5090;728
25.400;05.08.2007;5097;729
25.696;12.08.2007;5104;730
25.628;19.08.2007;5111;731
25.595;26.08.2007;5118;732
25.511;02.09.2007;5125;733
25.277;09.09.2007;5132;734
24.980;16.09.2007;5139;735
24.797;23.09.2007;5146;736
24.907;30.09.2007;5153;737
24.864;07.10.2007;5160;738
24.784;14.10.2007;5167;739
24.665;21.10.2007;5174;740
24.557;28.10.2007;5181;741
24.395;04.11.2007;5188;742
24.430;11.11.2007;5195;743
24.257;18.11.2007;5202;744
24.439;25.11.2007;5209;745
24.418;02.12.2007;5216;746
24.622;09.12.2007;5223;747
24.673;16.12.2007;5230;748
24.427;23.12.2007;5237;749
24.401;30.12.2007;5244;750
24.320;06.01.2008;5251;751
24.463;13.01.2008;5258;752
24.481;20.01.2008;5265;753
24.432;27.01.2008;5272;754
24.680;03.02.2008;5279;755
24.528;10.02.2008;5286;756
24.378;17.02.2008;5293;757
23.955;24.02.2008;5300;758
23.792;02.03.2008;5307;759
23.533;09.03.2008;5314;760
23.731;16.03.2008;5321;761
23.424;23.03.2008;5328;762
23.473;30.03.2008;5335;763
23.404;06.04.2008;5342;764
23.398;13.04.2008;5349;765
23.559;20.04.2008;5356;766
23.737;27.04.2008;5363;767
23.676;04.05.2008;5370;768
23.660;11.05.2008;5377;769
23.480;18.05.2008;5384;770
23.618;25.05.2008;5391;771
23.471;01.06.2008;5398;772
23.718;08.06.2008;5405;773
23.508;15.06.2008;5412;774
23.347;22.06.2008;5419;775
23.421;29.06.2008;5426;776
23.187;06.07.2008;5433;777
23.152;13.07.2008;5440;778
23.318;20.07.2008;5447;779
23.418;27.07.2008;5454;780
24.172;03.08.2008;5461;781
24.541;10.08.2008;5468;782
24.314;17.08.2008;5475;783
24.574;24.08.2008;5482;784
25.410;31.08.2008;5489;785
25.455;07.09.2008;5496;786
25.206;14.09.2008;5503;787
24.964;21.09.2008;5510;788
25.902;28.09.2008;5517;789
26.133;05.10.2008;5524;790
26.275;12.10.2008;5531;791
27.118;19.10.2008;5538;792
26.987;26.10.2008;5545;793
26.947;02.11.2008;5552;794
27.290;09.11.2008;5559;795
27.424;16.11.2008;5566;796
27.840;23.11.2008;5573;797
28.088;30.11.2008;5580;798
27.601;07.12.2008;5587;799
28.088;14.12.2008;5594;800
28.906;21.12.2008;5601;801
29.319;28.12.2008;5608;802
30.809;04.01.2009;5615;803
32.444;11.01.2009;5622;804
32.773;18.01.2009;5629;805
35.647;25.01.2009;5636;806
36.075;01.02.2009;5643;807
34.535;08.02.2009;5650;808
35.844;15.02.2009;5657;809
35.819;22.02.2009;5664;810
35.674;01.03.2009;5671;811
34.588;08.03.2009;5678;812
33.412;15.03.2009;5685;813
33.692;22.03.2009;5692;814
33.215;29.03.2009;5699;815
33.418;05.04.2009;5706;816
33.371;12.04.2009;5713;817
33.095;19.04.2009;5720;818
32.969;26.04.2009;5727;819
32.249;03.05.2009;5734;820
32.032;10.05.2009;5741;821
30.960;17.05.2009;5748;822
30.876;24.05.2009;5755;823
30.783;31.05.2009;5762;824
30.840;07.06.2009;5769;825
30.986;14.06.2009;5776;826
31.024;21.06.2009;5783;827
31.178;28.06.2009;5790;828
32.599;05.07.2009;5797;829
31.672;12.07.2009;5804;830
30.901;19.07.2009;5811;831
31.368;26.07.2009;5818;832
31.557;02.08.2009;5825;833
31.576;09.08.2009;5832;834
31.547;16.08.2009;5839;835
31.518;23.08.2009;5846;836
31.476;30.08.2009;5853;837
30.553;06.09.2009;5860;838
30.132;13.09.2009;5867;839
30.039;20.09.2009;5874;840
30.056;27.09.2009;5881;841
29.541;04.10.2009;5888;842
29.327;11.10.2009;5895;843
28.848;18.10.2009;5902;844
29.041;25.10.2009;5909;845
28.976;01.11.2009;5916;846
28.758;08.11.2009;5923;847
28.911;15.11.2009;5930;848
29.237;22.11.2009;5937;849
29.388;29.11.2009;5944;850
30.168;06.12.2009;5951;851
30.553;13.12.2009;5958;852
29.586;20.12.2009;5965;853
29.948;27.12.2009;5972;854
29.678;03.01.2010;5979;855
29.459;10.01.2010;5986;856
29.753;17.01.2010;5993;857
30.260;24.01.2010;6000;858
30.371;31.01.2010;6007;859
30.113;07.02.2010;6014;860
29.924;14.02.2010;6021;861
29.859;21.02.2010;6028;862
29.703;28.02.2010;6035;863
29.210;07.03.2010;6042;864
29.236;14.03.2010;6049;865
29.530;21.03.2010;6056;866
29.178;28.03.2010;6063;867
29.058;04.04.2010;6070;868
28.998;11.04.2010;6077;869
29.026;18.04.2010;6084;870
29.156;25.04.2010;6091;871
30.517;02.05.2010;6098;872
30.406;09.05.2010;6105;873
30.980;16.05.2010;6112;874
30.559;23.05.2010;6119;875
31.376;30.05.2010;6126;876
31.482;06.06.2010;6133;877
30.896;13.06.2010;6140;878
30.931;20.06.2010;6147;879
31.015;27.06.2010;6154;880
30.745;04.07.2010;6161;881
30.435;11.07.2010;6168;882
30.307;18.07.2010;6175;883
30.107;25.07.2010;6182;884
29.713;01.08.2010;6189;885
30.500;08.08.2010;6196;886
30.552;15.08.2010;6203;887
30.542;22.08.2010;6210;888
30.529;29.08.2010;6217;889
30.747;05.09.2010;6224;890
30.908;12.09.2010;6231;891
30.590;19.09.2010;6238;892
30.351;26.09.2010;6245;893
29.747;03.10.2010;6252;894
30.202;10.10.2010;6259;895
30.322;17.10.2010;6266;896
30.698;24.10.2010;6273;897
30.530;31.10.2010;6280;898
30.756;07.11.2010;6287;899
30.994;14.11.2010;6294;900
31.297;21.11.2010;6301;901
31.082;28.11.2010;6308;902
30.815;05.12.2010;6315;903
30.701;12.12.2010;6322;904
30.352;19.12.2010;6329;905
30.433;26.12.2010;6336;906
30.535;02.01.2011;6343;907
30.003;09.01.2011;6350;908
29.814;16.01.2011;6357;909
29.693;23.01.2011;6364;910
29.306;30.01.2011;6371;911
29.222;06.02.2011;6378;912
29.067;13.02.2011;6385;913
28.792;20.02.2011;6392;914
28.076;27.02.2011;6399;915
28.517;06.03.2011;6406;916
28.345;13.03.2011;6413;917
28.230;20.03.2011;6420;918
28.200;27.03.2011;6427;919
27.936;03.04.2011;6434;920
28.031;10.04.2011;6441;921
27.910;17.04.2011;6448;922
27.285;24.04.2011;6455;923
27.604;01.05.2011;6462;924
28.043;08.05.2011;6469;925
28.067;15.05.2011;6476;926
27.941;22.05.2011;6483;927
27.707;29.05.2011;6490;928
27.878;05.06.2011;6497;929
28.050;12.06.2011;6504;930
28.250;19.06.2011;6511;931
27.870;26.06.2011;6518;932
27.990;03.07.2011;6525;933
28.070;10.07.2011;6532;934
27.770;17.07.2011;6539;935
27.610;24.07.2011;6546;936
28.330;31.07.2011;6553;937
29.100;07.08.2011;6560;938
29.000;14.08.2011;6567;939
28.810;21.08.2011;6574;940
29.170;28.08.2011;6581;941
30.050;04.09.2011;6588;942
30.550;11.09.2011;6595;943
32.080;18.09.2011;6602;944
32.200;25.09.2011;6609;945
32.340;02.10.2011;6616;946
30.870;09.10.2011;6623;947
31.100;16.10.2011;6630;948
29.810;23.10.2011;6637;949
30.690;30.10.2011;6644;950
30.280;06.11.2011;6651;951
30.850;13.11.2011;6658;952
31.520;20.11.2011;6665;953
30.950;27.11.2011;6672;954
31.490;04.12.2011;6679;955
31.980;11.12.2011;6686;956
31.180;18.12.2011;6693;957
32.130;25.12.2011;6700;958
31.970;01.01.2012;6707;959
31.850;08.01.2012;6714;960
31.320;15.01.2012;6721;961
30.120;22.01.2012;6728;962
30.190;29.01.2012;6735;963
30.040;05.02.2012;6742;964
29.940;12.02.2012;6749;965
29.170;19.02.2012;6756;966
29.310;26.02.2012;6763;967
29.420;04.03.2012;6770;968
29.230;11.03.2012;6777;969
29.270;18.03.2012;6784;970
29.340;25.03.2012;6791;971
29.560;01.04.2012;6798;972
29.610;08.04.2012;6805;973
29.440;15.04.2012;6812;974
29.310;22.04.2012;6819;975
29.790;29.04.2012;6826;976
30.140;06.05.2012;6833;977
31.300;13.05.2012;6840;978
32.060;20.05.2012;6847;979
33.670;27.05.2012;6854;980
32.490;03.06.2012;6861;981
32.350;10.06.2012;6868;982
33.225;17.06.2012;6875;983
32.415;24.06.2012;6882;984
32.878;01.07.2012;6889;985
32.575;08.07.2012;6896;986
32.034;15.07.2012;6903;987
32.051;22.07.2012;6910;988
31.964;29.07.2012;6917;989
31.866;05.08.2012;6924;990
32.039;12.08.2012;6931;991
31.791;19.08.2012;6938;992
32.271;26.08.2012;6945;993
31.649;02.09.2012;6952;994
30.454;09.09.2012;6959;995
31.051;16.09.2012;6966;996
31.191;23.09.2012;6973;997
30.938;30.09.2012;6980;998
31.101;07.10.2012;6987;999
30.886;14.10.2012;6994;1000
31.375;21.10.2012;7001;1001
31.467;28.10.2012;7008;1002
31.570;04.11.2012;7015;1003
31.735;11.11.2012;7022;1004
31.060;18.11.2012;7029;1005
30.876;25.11.2012;7036;1006
30.808;02.12.2012;7043;1007
30.709;09.12.2012;7050;1008
30.829;16.12.2012;7057;1009
30.340;23.12.2012;7064;1010
30.384;30.12.2012;7071;1011
30.329;06.01.2013;7078;1012
30.271;13.01.2013;7085;1013
30.031;20.01.2013;7092;1014
29.850;27.01.2013;7099;1015
30.144;03.02.2013;7106;1016
30.114;10.02.2013;7113;1017
30.445;17.02.2013;7120;1018
30.730;24.02.2013;7127;1019
30.780;03.03.2013;7134;1020
30.640;10.03.2013;7141;1021
30.815;17.03.2013;7148;1022
31.051;24.03.2013;7155;1023
31.540;31.03.2013;7162;1024
31.081;07.04.2013;7169;1025
31.716;14.04.2013;7176;1026
31.268;21.04.2013;7183;1027
31.042;28.04.2013;7190;1028
31.416;05.05.2013;7197;1029
31.431;12.05.2013;7204;1030
31.379;19.05.2013;7211;1031
31.873;26.05.2013;7218;1032
32.157;02.06.2013;7225;1033
31.716;09.06.2013;7232;1034
32.820;16.06.2013;7239;1035
32.834;23.06.2013;7246;1036
33.312;30.06.2013;7253;1037
32.621;07.07.2013;7260;1038
32.364;14.07.2013;7267;1039
32.818;21.07.2013;7274;1040
32.813;28.07.2013;7281;1041
32.857;04.08.2013;7288;1042
32.922;11.08.2013;7295;1043
32.999;18.08.2013;7302;1044
33.287;25.08.2013;7309;1045
33.310;01.09.2013;7316;1046
32.465;08.09.2013;7323;1047
31.809;15.09.2013;7330;1048
32.326;22.09.2013;7337;1049
32.175;29.09.2013;7344;1050
32.285;06.10.2013;7351;1051
31.918;13.10.2013;7358;1052
31.765;20.10.2013;7365;1053
32.418;27.10.2013;7372;1054
32.655;03.11.2013;7379;1055
32.565;10.11.2013;7386;1056
32.730;17.11.2013;7393;1057
33.140;24.11.2013;7400;1058
32.705;01.12.2013;7407;1059
32.849;08.12.2013;7414;1060
32.985;15.12.2013;7421;1061
32.615;22.12.2013;7428;1062
33.192;29.12.2013;7435;1063
33.051;05.01.2014;7442;1064
33.594;12.01.2014;7449;1065
34.514;19.01.2014;7456;1066
35.206;26.01.2014;7463;1067
34.768;02.02.2014;7470;1068
35.089;09.02.2014;7477;1069
35.479;16.02.2014;7484;1070
36.046;23.02.2014;7491;1071
36.459;02.03.2014;7498;1072
36.587;09.03.2014;7505;1073
36.242;16.03.2014;7512;1074
35.758;23.03.2014;7519;1075
35.288;30.03.2014;7526;1076
35.646;06.04.2014;7533;1077
35.608;13.04.2014;7540;1078
36.045;20.04.2014;7547;1079
35.869;27.04.2014;7554;1080
35.222;04.05.2014;7561;1081
34.776;11.05.2014;7568;1082
34.118;18.05.2014;7575;1083
34.891;25.05.2014;7582;1084
34.398;01.06.2014;7589;1085
34.382;08.06.2014;7596;1086
34.465;15.06.2014;7603;1087
33.732;22.06.2014;7610;1088
34.405;29.06.2014;7617;1089
34.158;06.07.2014;7624;1090
35.145;13.07.2014;7631;1091
35.141;20.07.2014;7638;1092
35.739;27.07.2014;7645;1093
36.128;03.08.2014;7652;1094
36.143;10.08.2014;7659;1095
36.090;17.08.2014;7666;1096
37.003;24.08.2014;7673;1097
36.876;31.08.2014;7680;1098
37.827;07.09.2014;7687;1099
38.430;14.09.2014;7694;1100
39.163;21.09.2014;7701;1101
39.986;28.09.2014;7708;1102
40.327;05.10.2014;7715;1103
40.721;12.10.2014;7722;1104
41.890;19.10.2014;7729;1105
43.018;26.10.2014;7736;1106
46.668;02.11.2014;7743;1107
46.978;09.11.2014;7750;1108
45.714;16.11.2014;7757;1109
50.417;23.11.2014;7764;1110
52.610;30.11.2014;7771;1111
58.177;07.12.2014;7778;1112
58.740;14.12.2014;7785;1113
53.941;21.12.2014;7792;1114
64.470;28.12.2014;7799;1115
61.497;04.01.2015;7806;1116
65.112;11.01.2015;7813;1117
64.124;18.01.2015;7820;1118
69.477;25.01.2015;7827;1119
66.867;01.02.2015;7834;1120
63.452;08.02.2015;7841;1121
62.070;15.02.2015;7848;1122
61.664;22.02.2015;7855;1123
60.297;01.03.2015;7862;1124
62.175;08.03.2015;7869;1125
59.216;15.03.2015;7876;1126
57.868;22.03.2015;7883;1127
56.690;29.03.2015;7890;1128
53.595;05.04.2015;7897;1129
51.974;12.04.2015;7904;1130
50.885;19.04.2015;7911;1131
51.925;26.04.2015;7918;1132
50.924;03.05.2015;7925;1133
49.500;10.05.2015;7932;1134
50.020;17.05.2015;7939;1135
52.360;24.05.2015;7946;1136
56.315;31.05.2015;7953;1137
55.170;07.06.2015;7960;1138
54.040;14.06.2015;7967;1139
54.840;21.06.2015;7974;1140
55.950;28.06.2015;7981;1141
56.405;05.07.2015;7988;1142
56.975;12.07.2015;7995;1143
58.410;19.07.2015;8002;1144
61.705;26.07.2015;8009;1145
64.015;02.08.2015;8016;1146
64.985;09.08.2015;8023;1147
69.050;16.08.2015;8030;1148
65.202;23.08.2015;8037;1149
68.485;30.08.2015;8044;1150
67.910;06.09.2015;8051;1151
66.440;13.09.2015;8058;1152
65.520;20.09.2015;8065;1153
66.090;27.09.2015;8072;1154
61.770;04.10.2015;8079;1155
61.275;11.10.2015;8086;1156
62.360;18.10.2015;8093;1157
63.975;25.10.2015;8100;1158
64.500;01.11.2015;8107;1159
66.730;08.11.2015;8114;1160
64.731;15.11.2015;8121;1161
66.425;22.11.2015;8128;1162
68.086;29.11.2015;8135;1163
70.380;06.12.2015;8142;1164
70.950;13.12.2015;8149;1165
70.667;20.12.2015;8156;1166
72.956;27.12.2015;8163;1167
74.762;03.01.2016;8170;1168
77.605;10.01.2016;8177;1169
77.960;17.01.2016;8184;1170
75.415;24.01.2016;8191;1171
77.500;31.01.2016;8198;1172
78.358;07.02.2016;8205;1173
76.992;14.02.2016;8212;1174
76.255;21.02.2016;8219;1175
71.870;28.02.2016;8226;1176
69.992;06.03.2016;8233;1177
68.358;13.03.2016;8240;1178
68.170;20.03.2016;8247;1179
67.678;27.03.2016;8254;1180
67.114;03.04.2016;8261;1181
66.486;10.04.2016;8268;1182
66.528;17.04.2016;8275;1183
64.762;24.04.2016;8282;1184
65.927;01.05.2016;8289;1185
65.448;08.05.2016;8296;1186
66.800;15.05.2016;8303;1187
65.934;22.05.2016;8310;1188
65.300;29.05.2016;8317;1189
65.485;05.06.2016;8324;1190
64.844;12.06.2016;8331;1191
65.116;19.06.2016;8338;1192
63.770;26.06.2016;8345;1193
63.856;03.07.2016;8352;1194
63.680;10.07.2016;8359;1195
64.793;17.07.2016;8366;1196
65.940;24.07.2016;8373;1197
65.237;31.07.2016;8380;1198
64.753;07.08.2016;8387;1199
63.892;14.08.2016;8394;1200
64.583;21.08.2016;8401;1201
65.153;28.08.2016;8408;1202
64.826;04.09.2016;8415;1203
65.280;11.09.2016;8422;1204
64.075;18.09.2016;8429;1205
62.874;25.09.2016;8436;1206
62.311;02.10.2016;8443;1207
62.952;09.10.2016;8450;1208
62.368;16.10.2016;8457;1209
62.898;23.10.2016;8464;1210
64.442;30.10.2016;8471;1211
65.832;06.11.2016;8478;1212
64.761;13.11.2016;8485;1213
64.823;20.11.2016;8492;1214
63.789;27.11.2016;8499;1215
62.459;04.12.2016;8506;1216
62.060;11.12.2016;8513;1217
60.999;18.12.2016;8520;1218
61.532;25.12.2016;8527;1219
59.619;01.01.2017;8534;1220
59.602;08.01.2017;8541;1221
59.798;15.01.2017;8548;1222
59.872;22.01.2017;8555;1223
58.998;29.01.2017;8562;1224
58.307;05.02.2017;8569;1225
58.286;12.02.2017;8576;1226
58.394;19.02.2017;8583;1227
58.232;26.02.2017;8590;1228
58.978;05.03.2017;8597;1229
57.177;12.03.2017;8604;1230
56.927;19.03.2017;8611;1231
56.240;26.03.2017;8618;1232
57.261;02.04.2017;8625;1233
56.179;09.04.2017;8632;1234
56.663;16.04.2017;8639;1235
56.923;23.04.2017;8646;1236
57.932;30.04.2017;8653;1237
57.081;07.05.2017;8660;1238
56.887;14.05.2017;8667;1239
56.510;21.05.2017;8674;1240
56.630;28.05.2017;8681;1241
57.033;04.06.2017;8688;1242
57.757;11.06.2017;8695;1243
59.447;18.06.2017;8702;1244
58.940;25.06.2017;8709;1245
60.379;02.07.2017;8716;1246
59.008;09.07.2017;8723;1247
59.352;16.07.2017;8730;1248
59.554;23.07.2017;8737;1249
59.964;30.07.2017;8744;1250
59.834;06.08.2017;8751;1251
58.947;13.08.2017;8758;1252
58.591;20.08.2017;8765;1253
57.474;27.08.2017;8772;1254
57.364;03.09.2017;8779;1255
57.528;10.09.2017;8786;1256
57.498;17.09.2017;8793;1257
57.549;24.09.2017;8800;1258
58.141;01.10.2017;8807;1259
57.336;08.10.2017;8814;1260
57.489;15.10.2017;8821;1261
58.093;22.10.2017;8828;1262
59.051;29.10.2017;8835;1263
59.154;05.11.2017;8842;1264
59.021;12.11.2017;8849;1265
58.444;19.11.2017;8856;1266
58.890;26.11.2017;8863;1267
59.122;03.12.2017;8870;1268
58.826;10.12.2017;8877;1269
58.301;17.12.2017;8884;1270
57.634;24.12.2017;8891;1271
56.969;31.12.2017;8898;1272
56.617;07.01.2018;8905;1273
56.663;14.01.2018;8912;1274
56.235;21.01.2018;8919;1275
56.536;28.01.2018;8926;1276
58.366;04.02.2018;8933;1277
56.411;11.02.2018;8940;1278
56.125;18.02.2018;8947;1279
56.802;25.02.2018;8954;1280
56.652;04.03.2018;8961;1281
57.514;11.03.2018;8968;1282
57.296;18.03.2018;8975;1283
57.135;25.03.2018;8982;1284
58.098;01.04.2018;8989;1285
62.110;08.04.2018;8996;1286
61.371;15.04.2018;9003;1287
62.154;22.04.2018;9010;1288
62.452;29.04.2018;9017;1289
61.921;06.05.2018;9024;1290
62.351;13.05.2018;9031;1291
62.214;20.05.2018;9038;1292
62.213;27.05.2018;9045;1293
62.319;03.06.2018;9052;1294
63.138;10.06.2018;9059;1295
62.982;17.06.2018;9066;1296
62.773;24.06.2018;9073;1297
62.989;01.07.2018;9080;1298
62.441;08.07.2018;9087;1299
63.502;15.07.2018;9094;1300
62.708;22.07.2018;9101;1301
63.345;29.07.2018;9108;1302
67.730;05.08.2018;9115;1303
67.112;12.08.2018;9122;1304
67.028;19.08.2018;9129;1305
67.462;26.08.2018;9136;1306
69.896;02.09.2018;9143;1307
68.159;09.09.2018;9150;1308
66.431;16.09.2018;9157;1309
65.550;23.09.2018;9164;1310
66.607;30.09.2018;9171;1311
66.060;07.10.2018;9178;1312
65.455;14.10.2018;9185;1313
65.593;21.10.2018;9192;1314
66.170;28.10.2018;9199;1315
67.950;04.11.2018;9206;1316
65.980;11.11.2018;9213;1317
66.204;18.11.2018;9220;1318
67.085;25.11.2018;9227;1319
66.441;02.12.2018;9234;1320
66.856;09.12.2018;9241;1321
68.946;16.12.2018;9248;1322
69.543;23.12.2018;9255;1323
67.532;30.12.2018;9262;1324
66.888;06.01.2019;9269;1325
66.176;13.01.2019;9276;1326
66.002;20.01.2019;9283;1327
65.472;27.01.2019;9290;1328
65.435;03.02.2019;9297;1329
66.322;10.02.2019;9304;1330
65.378;17.02.2019;9311;1331
65.914;24.02.2019;9318;1332
66.339;03.03.2019;9325;1333
64.796;10.03.2019;9332;1334
64.648;17.03.2019;9339;1335
65.750;24.03.2019;9346;1336
65.297;31.03.2019;9353;1337
64.279;07.04.2019;9360;1338
64.011;14.04.2019;9367;1339
64.790;21.04.2019;9374;1340
65.081;28.04.2019;9381;1341
65.220;05.05.2019;9388;1342
64.670;12.05.2019;9395;1343
64.462;19.05.2019;9402;1344
65.440;26.05.2019;9409;1345
64.784;02.06.2019;9416;1346
64.396;09.06.2019;9423;1347
63.041;16.06.2019;9430;1348
63.217;23.06.2019;9437;1349
63.805;30.06.2019;9444;1350
62.971;07.07.2019;9451;1351
63.022;14.07.2019;9458;1352
63.353;21.07.2019;9465;1353
65.237;28.07.2019;9472;1354
65.255;04.08.2019;9479;1355
66.507;11.08.2019;9486;1356
66.045;18.08.2019;9493;1357
66.714;25.08.2019;9500;1358
65.771;01.09.2019;9507;1359
64.375;08.09.2019;9514;1360
63.982;15.09.2019;9521;1361
64.666;22.09.2019;9528;1362
64.665;29.09.2019;9535;1363
64.188;06.10.2019;9542;1364
63.660;13.10.2019;9549;1365
63.874;20.10.2019;9556;1366
63.496;27.10.2019;9563;1367
63.800;03.11.2019;9570;1368
63.752;10.11.2019;9577;1369
63.861;17.11.2019;9584;1370
64.339;24.11.2019;9591;1371
63.664;01.12.2019;9598;1372
62.841;08.12.2019;9605;1373
62.281;15.12.2019;9612;1374
62.157;22.12.2019;9619;1375
62.063;29.12.2019;9626;1376
61.020;05.01.2020;9633;1377
61.589;12.01.2020;9640;1378
62.156;19.01.2020;9647;1379
63.994;26.01.2020;9654;1380
64.047;02.02.2020;9661;1381
63.512;09.02.2020;9668;1382
63.970;16.02.2020;9675;1383
66.892;23.02.2020;9682;1384
68.548;01.03.2020;9689;1385
72.232;08.03.2020;9696;1386
80.011;15.03.2020;9703;1387
78.846;22.03.2020;9710;1388
76.576;29.03.2020;9717;1389
73.793;05.04.2020;9724;1390
73.965;12.04.2020;9731;1391
74.582;19.04.2020;9738;1392
75.354;26.04.2020;9745;1393
73.503;03.05.2020;9752;1394
73.629;10.05.2020;9759;1395
71.728;17.05.2020;9766;1396
70.752;24.05.2020;9773;1397
68.654;31.05.2020;9780;1398
69.753;07.06.2020;9787;1399
69.469;14.06.2020;9794;1400
69.778;21.06.2020;9801;1401
71.378;28.06.2020;9808;1402
70.856;05.07.2020;9815;1403
71.881;12.07.2020;9822;1404
71.672;19.07.2020;9829;1405
74.459;26.07.2020;9836;1406
73.673;02.08.2020;9843;1407
72.841;09.08.2020;9850;1408
74.796;16.08.2020;9857;1409
74.096;23.08.2020;9864;1410
75.365;30.08.2020;9871;1411
74.908;06.09.2020;9878;1412
75.653;13.09.2020;9885;1413
78.136;20.09.2020;9892;1414
78.198;27.09.2020;9899;1415
76.772;04.10.2020;9906;1416
77.910;11.10.2020;9913;1417
76.218;18.10.2020;9920;1418
79.441;25.10.2020;9927;1419
77.434;01.11.2020;9934;1420
77.436;08.11.2020;9941;1421
76.225;15.11.2020;9948;1422
75.967;22.11.2020;9955;1423
73.988;29.11.2020;9962;1424
73.039;06.12.2020;9969;1425
73.518;13.12.2020;9976;1426
74.164;20.12.2020;9983;1427
74.027;27.12.2020;9990;1428
74.263;03.01.2021;9997;1429
73.587;10.01.2021;10004;1430
75.245;17.01.2021;10011;1431
75.672;24.01.2021;10018;1432
74.684;31.01.2021;10025;1433
73.721;07.02.2021;10032;1434
74.087;14.02.2021;10039;1435
74.712;21.02.2021;10046;1436
74.262;28.02.2021;10053;1437
73.336;07.03.2021;10060;1438
74.166;14.03.2021;10067;1439
75.749;21.03.2021;10074;1440
76.490;28.03.2021;10081;1441
77.368;04.04.2021;10088;1442
75.742;11.04.2021;10095;1443
74.963;18.04.2021;10102;1444
75.208;25.04.2021;10109;1445
73.745;02.05.2021;10116;1446
73.955;09.05.2021;10123;1447
73.584;16.05.2021;10130;1448
73.224;23.05.2021;10137;1449
72.805;30.05.2021;10144;1450
72.169;06.06.2021;10151;1451
72.799;13.06.2021;10158;1452
72.208;20.06.2021;10165;1453
73.251;27.06.2021;10172;1454
74.293;04.07.2021;10179;1455
74.060;11.07.2021;10186;1456
73.741;18.07.2021;10193;1457
73.144;25.07.2021;10200;1458
73.434;01.08.2021;10207;1459
73.200;08.08.2021;10214;1460
74.284;15.08.2021;10221;1461
73.572;22.08.2021;10228;1462
72.714;29.08.2021;10235;1463
73.185;05.09.2021;10242;1464
72.837;12.09.2021;10249;1465
72.729;19.09.2021;10256;1466
72.753;26.09.2021;10263;1467
71.881;03.10.2021;10270;1468
71.069;10.10.2021;10277;1469
70.295;17.10.2021;10284;1470
70.889;24.10.2021;10291;1471
71.295;31.10.2021;10298;1472
72.890;07.11.2021;10305;1473
73.514;14.11.2021;10312;1474
75.596;21.11.2021;10319;1475
73.946;28.11.2021;10326;1476
73.414;05.12.2021;10333;1477
74.142;12.12.2021;10340;1478
73.649;19.12.2021;10347;1479
75.036;26.12.2021;10354;1480
75.504;02.01.2022;10361;1481
76.307;09.01.2022;10368;1482
77.500;16.01.2022;10375;1483
77.893;23.01.2022;10382;1484
75.803;30.01.2022;10389;1485
77.322;06.02.2022;10396;1486
77.332;13.02.2022;10403;1487
83.456;20.02.2022;10410;1488
124.084;27.02.2022;10417;1489
133.417;06.03.2022;10424;1490
104.021;13.03.2022;10431;1491
102.773;20.03.2022;10438;1492
85.413;27.03.2022;10445;1493
75.885;03.04.2022;10452;1494
79.756;10.04.2022;10459;1495
75.574;17.04.2022;10466;1496
70.960;24.04.2022;10473;1497
69.136;01.05.2022;10480;1498
63.983;08.05.2022;10487;1499
60.255;15.05.2022;10494;1500
66.940;22.05.2022;10501;1501
60.966;29.05.2022;10508;1502
56.972;05.06.2022;10515;1503
56.366;12.06.2022;10522;1504
53.404;19.06.2022;10529;1505
54.145;26.06.2022;10536;1506
61.292;03.07.2022;10543;1507
57.175;10.07.2022;10550;1508
56.925;17.07.2022;10557;1509
61.862;24.07.2022;10564;1510
60.481;31.07.2022;10571;1511
60.611;07.08.2022;10578;1512
59.076;14.08.2022;10585;1513
60.282;21.08.2022;10592;1514
60.404;28.08.2022;10599;1515
60.560;04.09.2022;10606;1516
60.026;11.09.2022;10613;1517
57.516;18.09.2022;10620;1518
57.917;25.09.2022;10627;1519
61.275;02.10.2022;10634;1520
62.171;09.10.2022;10641;1521
61.188;16.10.2022;10648;1522
61.586;23.10.2022;10655;1523
61.883;30.10.2022;10662;1524
60.407;06.11.2022;10669;1525
60.627;13.11.2022;10676;1526
60.635;20.11.2022;10683;1527
61.926;27.11.2022;10690;1528
62.522;04.12.2022;10697;1529
64.623;11.12.2022;10704;1530
68.730;18.12.2022;10711;1531
69.266;25.12.2022;10718;1532
72.328;01.01.2023;10725;1533
68.694;08.01.2023;10732;1534
68.807;15.01.2023;10739;1535
69.465;22.01.2023;10746;1536
70.631;29.01.2023;10753;1537
73.348;05.02.2023;10760;1538
74.230;12.02.2023;10767;1539
76.135;19.02.2023;10774;1540
75.712;26.02.2023;10781;1541
76.072;05.03.2023;10788;1542